channel_id,title,description,custom_url,published_at,country,thumbnail,view_count,subscriber_count,video_count,hidden_subscriber_count
UCz0WHqCLIsbthm4klrR2NRg,BECKAYYY,"i make daily football content 🙏

email beckayyysolos@gmail.com for inquires 
",@beckayyysolos,2022-12-20T21:20:21.234454Z,US,https://yt3.ggpht.com/PgHcWjRSCYDDBsea8D4nf-FGDJGDPY9Po03rQ4QG_2bt9kVbyY_23iKfnyq_0kE2I4yDyCsawg=s88-c-k-c0x00ffffff-no-rj,1242042664,208000,4642,False
UCfwIbesNwHg-lhRcyVNSwhQ,"PowerUp, Your Daily Dose of Fun and Energy","This channel shares the most entertaining trending and viral videos.
Stay updated with the funniest and hottest moments online!

-----------------------------------------------------------------------
Video removal or modification requests:
📩powerupdailydose@gmail.com

If you are a creator featured on our channel and would like your content removed or credited differently,
please contact us immediately at the email above.
We will take action right away. Thank you!
",@powerup-e8h,2022-09-07T03:02:59.632077Z,US,https://yt3.ggpht.com/JgMII9JoS6FFrQN8XxUb6bG3CrxTJCbHhIEY1-62pZQrX1ocFx6TWTm-wJ6yqJiUxvvthq6U=s88-c-k-c0x00ffffff-no-rj,244237002,44500,170,False
UCpKsc2K1c7iZ_ZaSovUXrLw,Improve Mindset,"This channel is about emotion and real human stories.
Sports, life, comebacks, and moments that move you.

This isn’t just motivation or highlights.
It’s about emotion, meaning, and stories that stay with you.

If a videos makes you feel something, please subscribe! 

Contact: improvemindset.contact@gmail.com


We transform clips from other creators into something fresh and original by adding voiceovers, b-roll, trending music, colorful subtitles, engaging visual effects, and professional-quality sound. Each video takes hours of research, scripting, and editing, resulting in a unique final product. We make every effort to follow Fair Use guidelines.
",@improvemindset1,2023-10-17T08:11:54.318483Z,US,https://yt3.ggpht.com/xPRUPHzbjktZ9wPuArbYYvWDO3jx9BnHGcLAGBsCtgC3VInJWj3LD3tkdlqjavi0Bxcr_nr9=s88-c-k-c0x00ffffff-no-rj,222444631,88100,216,False
UCEDcgQmxO6ZSENckjYXLjeg,Cho cho boy ,Subscribe..,@cho-cho-boi,2025-12-07T16:36:21.189308Z,,https://yt3.ggpht.com/v2DZWamyqXCE6LcRAHujeAUKGGmZkkgYAV4bn1DgdrQ2PjSZ8y3dmp6Nfz7Cmghb1Fz6EB_L=s88-c-k-c0x00ffffff-no-rj,102770749,97300,75,False
UCEEzzF8QAIlNenIC_lWn8TQ,PeakzSanity,"I create content about fitness, gym topics, and viral sports moments on the internet.

For video removal requests, please contact - peakzsanityyt@gmail.com
",@peakz_sanity,2024-10-14T23:12:38.212178Z,US,https://yt3.ggpht.com/ltcbsDARgieojMhbKRgzKKJSIZu74j8ViEY-TNWvK6lU6dN4iMEm_4zef_qPmuqxyfNAD1pIHEA=s88-c-k-c0x00ffffff-no-rj,386046603,162000,42,False
UCpejmzf5hYcckscyg79JeLQ,Ev Hand,"🏈 Covering Sports Stories You Actually Care About
🔍 Forgotten History & Unbelievable Stories
👇🏼 Get Paid to Watch Sports👇🏼
",@evhandd,2023-01-20T20:50:48.099568Z,US,https://yt3.ggpht.com/_vqOEp-48Vg94vZq7A4ZgC9JzJ8gLdntZeE-SvHZnmB2bX2-bTosM2Fa2rG2HpO1wHo0G2NKSFM=s88-c-k-c0x00ffffff-no-rj,89625211,82000,1071,False
UCFmgp2_vGVxTYwjmPdFzsmQ,A7 EDITZ,The World Cup arc🏆,@a7_3ditz,2020-09-27T09:12:53.785552Z,US,https://yt3.ggpht.com/71rTQZtO_v-G_9yQ_YDM_zJebiDIevqLf7mAobrnzJDbGZ-bGOE2CNxXKYesdJNtEpbaIlrHeg=s88-c-k-c0x00ffffff-no-rj,2427582785,1940000,989,False
UCWRc6ZLtiPLaYUvjBoMlMgA,KELLIYON,"23 years old, Canadian singer, rapper, songwriter and founder of NoDRAMA.",@kelliyon,2018-01-14T01:19:09Z,CA,https://yt3.ggpht.com/vqpNZvgZjd_s7I6gXuSiKQ_WXSYfQPbWs0GTdrFFw7TgtzBn-8LM2wyxWt72_7q5qLFiC0SXEA=s88-c-k-c0x00ffffff-no-rj,89018997,31700,631,False
UC73mIvRUSxB2CXprvtrz6Cw,MrMcGuyver Sports,"Daily dose of sports
📲 Replace Scrolling With Brain Training - Free Download https://braingymai.app




Section 107 Of Copyright Act

We respect copyright laws and comply with takedown requests. If you believe your rights have been infringed, please contact us for prompt resolution. We Give credit to each videos also follow ""Fair Use"" guidelines, using material for commentary, criticism, and educational purposes. 
",@mrmcguyver,2017-07-13T21:24:06Z,US,https://yt3.ggpht.com/-FvRcVOw_rnCvo0bhIUTB-lhVLmE0j0jFU1WMuxKCEmvpF2tArJyyRf8YTAxF6TdoQJD7eZKRQ=s88-c-k-c0x00ffffff-no-rj,412216928,123000,3631,False
UCQEVBrDDY6s0rB9W26jLm6Q,Mirror Thinks,"Hi, welcome to my channel!🤎

I showcase the most unique dishes and recipes you will ever see!

📮Contact: casualhomecookbiz@gmail.com

Each video is carefully created with original narration, intentional editing, and creative storytelling that adds fresh meaning to every moment.
",@mirrorthinks,2023-11-18T13:07:03.588153Z,CA,https://yt3.ggpht.com/X7j_yEDDSCxs33qHnlzCD2EvZMdCs7Fg6DLN1i9TO-GKE6DV7g1s8oW1YpS38niQJ1f9FO8yEQ=s88-c-k-c0x00ffffff-no-rj,835043148,491000,465,False
UCOLuCACpQL75CXuvUttm4mQ,99% Sports,"I try to make you laugh through silly sports content.  New shorts every week.
 For business inquiry: 99sportsbusiness@gmail.com

",@99_percent_sports,2025-01-10T15:59:00.064528Z,US,https://yt3.ggpht.com/Ukpkw_DWOBHW9TDHuZljY4mxPdL3J34dx7NCM8hHghpzTSrUG9HMJ-3svtrh0olr2wg198te8w=s88-c-k-c0x00ffffff-no-rj,216264694,74200,301,False
UCcGJHF-cP046JTJu-Czh9Gw,HeartNSoleClothing,"I am 33 years old and I was born and raised in Lansing, Michigan. Now reside in Okemos, Mi, Growing up I was always fascinated with two particular things, shoes and art. I could keep myself occupied for hours with simply a sketch pad and a pencil, and when it came to shoes well I bought just about every pair that I could get my hands on. I Created this brand 2/08/2016. I created Heart N Sole because growing up my mother raised me and my brother and sisters by her self it was very hard we didn't have the best clothes or shoes and people bullied and teased me because we didn't fit in.  i came up with the bear logo it represents being strong and and independent, my inspiration was Kanye West as a designer he also used a bear looking character. On this channel you will see behind the scenes footage, customs music and much more! ",@heartnsolellc,2016-02-01T02:20:12Z,,https://yt3.ggpht.com/PF1OuV9E35EJGJjpD3ekYA_6XA5KbcDPLM5cPce3sZeBHFSUpwDiQgHJOy2NqgikTz_kxyC6fQ=s88-c-k-c0x00ffffff-no-rj,337539734,165000,1038,False
UCpl5_XTWGgecN4EHZ6GdW3Q,Leandrobarbosafan1,"Top 1% ball knower... 

Fun, original, and creative basketball content. Just entertaining videos for people who love the NBA...
",@leandrobarbosafan1,2024-07-29T12:07:18.168365Z,US,https://yt3.ggpht.com/HCs4eKUjJXMuax4ULC9dHFGRDiz-i0clP5unT6TlkGFr53DmpC8n4ixEqnnDG7OEc8qXLmzE=s88-c-k-c0x00ffffff-no-rj,119788915,76300,83,False
UC7AUWPut_B-B5nLMSmWsObg,MoveGods,"Your ultimate destination for jaw-dropping basketball highlights, insane plays",@movegods,2023-05-12T11:19:48.771237Z,,https://yt3.ggpht.com/Ltlag5tASnnad2OEdZt3bI8e6l8R2uyZCg9169SiTtpDEgFouGqr671Jid_tKPqrWzTSpJuNbKw=s88-c-k-c0x00ffffff-no-rj,99858434,44300,777,False
UCJO1W041XN6rLTD2Pe38n_g,You_Ranking,"Welcome to You_Ranking!﻿

From interesting facts to surprising moments, meet new ranking videos every day.﻿

To add editing and value to all videos, I watch videos, do searches, and do more than 3 hours of editing every day.﻿

✨ Value Addition and Transformation
All my videos are made so that viewers can be more immersed and enjoy. By adding relatable subtitles and witty edits, they are reborn not as simple videos, but as content with new fun through my own unique structure, humor, and visual effects. Not simple reuse, but through creative reinterpretation, every moment is made new!

⚖️ Fair Use Notice﻿
All content is produced according to the 'fair use' principle specified in Section 107 of the 1976 Copyright Law of the United States. This law permits the use of copyrighted material for purposes such as criticism, comment, news reporting, teaching, and research.

📍If there is a problem with the video, please contact us at the email below.﻿
",@you_ranking,2025-09-19T13:22:03.965677Z,US,https://yt3.ggpht.com/dbvZrqD7x6y1VgUvY9rIMU6GdOtkUjkTowJ3TJYDtz4j6gqXsFJKXvORi0FDcuS-pNK7yZXXZQ=s88-c-k-c0x00ffffff-no-rj,2657109814,1070000,217,False
UCmUtBcLQXRquSciyu7texBA,Hero DW,"New Videos on Friday!

Hero@1dsmgmt.com

falling for fun",@herodw,2013-07-07T02:20:04Z,US,https://yt3.ggpht.com/_Q6Cx7-SQ0MHqwfCj6-IFKjeFsv9vCGzSfMNPBtuKfo5MHmuKrqsK86iJcwNxJgRnJoUXYqimw=s88-c-k-c0x00ffffff-no-rj,3149524857,6670000,1237,False
UC-5K4KWj3erkLY_IVW875Ww,Play Fakes,"🏟️ Where Football Lives 24/7

X8A8UR",@playfakes,2024-01-21T10:57:12.244212Z,,https://yt3.ggpht.com/fddmyGXQAb8YzvviYxi75DjNkCc0--xjjXHt79k1ozpW6njsQ8DBH2lMCvgNBE45TSCrm5kRkA=s88-c-k-c0x00ffffff-no-rj,61726511,26900,427,False
UCwJJxcke-uBJcLJ58HqrdSw,Zylok,"Welcome To Zylok.Clipss Channel.

🏆 Top AMP & Clover Boys Clips
🔥 High-effort edits made with extra creativity to deliver good entertainment
⚖️ Every video is fully transformative and follows fair use guidelines

⚠️Fair use under Section 107 for commentary criticism and entertainment

",@zylok.clipss,2016-01-05T19:36:50Z,FR,https://yt3.ggpht.com/ta_qYznIUArwcVDzD2XKfu0ri57BsCVry8vqJILIntKma3oYaewELDuSrYZpNoRcUg4AMCXa=s88-c-k-c0x00ffffff-no-rj,2078692205,456000,2111,False
UCilwCtPcFy5euTFsDTnirPQ,MrDrink ,"that guy that makes gatorade 🏈🏀⚾️

Business ✉️: jvlenscrew@gmail.com ",@mrdrinkk,2014-07-03T03:17:54Z,,https://yt3.ggpht.com/NjE_BbMefqWoQPZ6xm19fi31swTiQafZEDwOkKtOldNFXz_YWsAd0ZoHUZMs4MRZeQM6Gf1CmQ=s88-c-k-c0x00ffffff-no-rj,264984436,407000,57,False
UCET00YnetHT7tOpu12v8jxg,CBS Sports Golazo,"Welcome to the home of the world’s game 🔥

Serie A, NWSL, Concacaf Nations League, EFL, Europa League, Conference League, and of course… 🎶 THE CHAAAMPIONSSS 🎶—all the biggest moments, all in one place.

Join us for highlights, analysis, and nonstop ⚽️ coverage. 

Watch it all on Paramount+ 🍿
",@cbssportsgolazo,2020-06-26T17:51:20.684238Z,US,https://yt3.ggpht.com/YGHhK_6Q5Lll7Y7K9o1BKx8Ugb4OU21hyTziSRIfUxMj3GMcCrp9fIN6HQ3418vwuaP2f_SERIY=s88-c-k-c0x00ffffff-no-rj,3844958008,2950000,14271,False
UCgmTP_lTG27SofTIC0rNsmw,Cyclewrld 2,"Your Favorite cycle girl Content House! 💖🏠 

I also post other stuff once in a while.

I useCapCut to edit and transform meme content into fresh, entertaining videos with added humor and creative effects for my audience to enjoy.

Make sure to check out my store for Quality Hair Products!

Jesus Loves You!✝️

Contact me: @cycle_wrld -instagram

Business Email: Cyclewrldd@gmail.com
",@cyclewrld2,2025-09-09T13:55:26.174115Z,,https://yt3.ggpht.com/tEVVxT4lBMrM-RzvTxHl-xrS8j-WM-ZsHMlfJ7cwVtfhT7PZDvpQTvvlbU1AAxQY3xQaDENZ=s88-c-k-c0x00ffffff-no-rj,227252821,52800,836,False
UC7Nw5ntgYhrUnws0zJCUyTA,Coach Clank,I tell basketball stories.,@coachclank,2022-11-13T18:04:31.05824Z,CA,https://yt3.ggpht.com/CL33beo2Th56QRzFc3ohTgTJpd5jtSlndb_3XJlce-C03VEoOUgpm_IT4z04RIWLZG1LwQdE=s88-c-k-c0x00ffffff-no-rj,869388700,116000,365,False
UC-7pFokRSIFYEj3S0F5cbKA,Tomas Minc,"The BEST trampoline gymnastics videos :)

World Cup Champion 🥇
3x Senior Worlds Medalist 🏅
7x USA National Team Member 🇺🇸

📩 tomasmincbiz@gmail.com",@tomasminc,2015-05-02T23:57:04Z,US,https://yt3.ggpht.com/8XLCsKlSzusSkVttA9z71pTIyXGuU2o2ciHqr-kL3oWSen_waEu94qUlR7p6eNSOGtLEFjbg=s88-c-k-c0x00ffffff-no-rj,1195616333,627000,670,False
UCEDIJP_CH6Onk5bXsfUs0iQ,Cam 23,"Baseball content all year long. ⚾️ Founder of the ""INSANE Prime"" series. Content creator since 2018
",@cam23,2013-07-16T22:58:12Z,US,https://yt3.ggpht.com/7usq5A0FANcTgEsz2ffq61ooNgLn01IamnzcUTjJ5iYb2zCzw2RZ-VigV5Qm2y0LZPu-JhVBTg=s88-c-k-c0x00ffffff-no-rj,1186557580,117000,4506,False
UCsyYwtlAzNCsCk2uLa4B1Cg,Hold The Phone,"The BEST sports betting show on YouTube… new videos EVERY DAY. Who has it better than us?!

Presented by @betmgm",@holdthephoneshow,2022-10-20T18:12:02.806018Z,US,https://yt3.ggpht.com/SkKDjs1F9clRZu7hNeeZS9rrQFlnS33mueQVZf3F8WKC8d_FowF67J0hYZE8m2ry159EgGm6ng=s88-c-k-c0x00ffffff-no-rj,73662680,47800,1550,False
UCRijo3ddMTht_IHyNSNXpNQ,Dude Perfect,"5 best buds just kickin' it.

Dude Perfect is Tyler Toney, Cody Jones, Garrett Hilbert, Coby Cotton, and Cory Cotton. Best known for trick shots, stereotypes, battles, bottle flips, ping pong, and all-around competitive fun. Since 2009, we've been making the absolute best family-friendly sports and comedy entertainment we can. From Overtime to Bucket List adventures to epic battles with athletes, musicians, and celebrities. Welcome to the crew!

More from the DP family:
@dudeperfectoutdoors · @dudeperfectgaming · @almostathletespodcast · @dudeperfectplus

Go Big and God Bless!
Pound it 👊🏻 Noggin 🙇🏻‍♂️
- Dude Perfect

Business or Media: Dude@DudePerfect.com
",@dudeperfect,2009-03-17T05:44:36Z,US,https://yt3.ggpht.com/nZRsCgyfOVFhBzY-YFV8AhdMcYAybNZ8uttjcsrUGOnGRSVF5yKqRh6XHIs_o03TcbixvlOZ=s88-c-k-c0x00ffffff-no-rj,20767463234,62200000,573,False
UCS7xvlPBPNGHjUvFRKItUBQ,Raw Room,"NFL Veterans Daren Bates, Jalen Collins, & King Dunlap talk sports, culture and current events with Rec League Champ Alex Sweet and special guests. No cap allowed.
Giving you a whole lotta game!",@raw__room,2020-07-29T22:30:04.054484Z,US,https://yt3.ggpht.com/bIJ0PHPcgJM2MgNT_VavwywmAUCTdBpoHniR_XZZwtKbWXO_E-KsxcV6zB3ni8bt9EU7pGUeFw=s88-c-k-c0x00ffffff-no-rj,347580835,349000,5236,False
UCmk41ZtatN7O6HYkDIoYvOQ,Flow Com,"This Channel For Entertainment All Facts Full Fun And Etc


business account - notalexminecraft788@gmail.com 


14 January 2026 | 72 Subscriber Complete 


16 January 2026 | 216 Subscriber Complete 


20 January 2026 | 1K Subscriber Complete 


30 January 2026 | 6'786 Subscriber Complete 


31 January 2026 | 7K Subscriber Complete 


9 February 2026 | 8K Subscriber Complete 


22 February 2026 | 9K Subscriber 


2 March 2026  | 10K Subscriber Complete 


4 March 2026 | 11K Subscriber Complete 


6 March 2026 | 11.5K Subscriber Complete 


8 March 2026 | 12K Subscriber Complete ",@flowcom1,2026-01-12T10:08:43.328373Z,,https://yt3.ggpht.com/0dldIHdDUm7kzQhHKZozuUjRICOhMYn1vOlZDnR3j57LM5yZGc-PCScOXNQ260DdKxkPxGHjoA=s88-c-k-c0x00ffffff-no-rj,39274753,276000,111,False
UCpuYaSNJ-KRlDYOloImxQTw,Greg Dobies,"🥶Coldest Sports Moments🥶
",@greggy.518,2014-03-27T23:23:53Z,,https://yt3.ggpht.com/9RaNUAPWeu3oFpok8hN8qA9SRWBOj7_1Sj3VP84np_AvNdGFuOEWzIc4o_hhY9FwSgoCYzOXXvc=s88-c-k-c0x00ffffff-no-rj,347838608,91300,1579,False
UCDGIW-JtpB2rBiGliP-xrQw,KeDHD,"be patient
",@kedhd,2015-01-27T13:03:37Z,US,https://yt3.ggpht.com/ytc/AIdro_nC90NeWEwha_6lVJ01OJxOY69g2W2tmsHI2EIYXlSIXBE=s88-c-k-c0x00ffffff-no-rj,28108490,77300,47,False
UCb2ghdxfhVDnHsKo2Ao9ctw,insaneshayne,"Sports, Stunts, Skits
BEST 👄 
BLUUUUUUUEE 42🏈
TikTok: @insaneshayne(2.8M)
Instagram: @insaneshayne1 (2.1M)
Brands: shayneteam@gmail.com",@insaneshayne1,2020-06-25T06:57:50.716874Z,,https://yt3.ggpht.com/Z01cXJmjBQ3jWIDYMdLb72vM6SaRd2Q9QBWBYAdVwXF8W4POJVuC-njwLSTjQbaE5i81sBtjlQ=s88-c-k-c0x00ffffff-no-rj,2399226040,2280000,2058,False
UC6WP1jAJbF-jzDs1PonYQLw,ColdDigs,"Not all cold cases stay buried forever...
",@colddigs,2023-09-26T22:05:20.377111Z,US,https://yt3.ggpht.com/Df99cNFRk3ZYDgoDY3PYL72ypCN5Vzz7BId1PzGdSPfHyxs6WlYioopk5tJ1SJjLZEHGaYPONg=s88-c-k-c0x00ffffff-no-rj,53698554,20700,70,False
UCtJYioHcy5rMW2I_V4Ezkqg,Moon Media Games,"Professional Game Players ™️
BIG NEWS SOON 🤫
collabs: hello@thegoldstudios.com",@moonmediagames,2025-11-24T14:17:23.234654Z,,https://yt3.ggpht.com/6vXpFjc04HuNYhHlbLUhS_PSKYfV2u0i6f_CJtcDQVYre4geJytFb08XWnopKpRW93uskZXM=s88-c-k-c0x00ffffff-no-rj,937957012,437000,253,False
UCQ1DknASWip2mUqJ4IPN9RQ,TopVelocity.net,Signup for the FREE Video Training Series: How To ADD 5-10+MPH to your Pitching Velocity http://www.topvelocity.net/100mph,@brentpourciau,2007-08-21T19:25:57Z,US,https://yt3.ggpht.com/ytc/AIdro_loTzfWjqmbsu31eIXh4BZqVk4ghfweArcGi5wSSy88MFg=s88-c-k-c0x00ffffff-no-rj,154863711,79200,4692,False
UCl6C42uKzP0MtwUbF39D9lQ,BloopaX,,@bloopax,2025-04-13T17:48:02.524046Z,MA,https://yt3.ggpht.com/A0qBp7Amg408rRunCxMqO-FQCdzhMIQGXWZCPg02FAJKGYzOE5KGbCmWDUE73rFVLrhD9Gv7=s88-c-k-c0x00ffffff-no-rj,169663827,141000,202,False
UCbxEdLY1sWJU5OOoWLKXMuw,DoomSight,"From split-second moments captured on dashcams to high-intensity encounters recorded on bodycams, along with unexpected doorbell footage, home security clips, and raw, unpredictable situations that grab your attention instantly.



REACH OUT
moxabateman@gmail.com



CONTENT REMOVAL
If you are featured and would like a video reviewed for possible removal, please reach out to us at moxabateman@gmail.com We will carefully review your request and respond as promptly as we can.",@doom_sight,2014-11-17T12:55:55Z,,https://yt3.ggpht.com/GgmtM7m-Dqid6Uo9rD49I6GDDLbF0q1L1pStX93f9PMxvm8EH-wAAeowtivk3xLcKPi2braQSA=s88-c-k-c0x00ffffff-no-rj,57761441,16600,21,False
UCouXJIEDJdV7oQUTP1V7tXQ,Blaze,"Welcome to Blaze. This channel is all about motivational, wholesome, underdog comeback, funny, and educational edits that are made to keep you hooked and inspired. Each video usually takes around 6 to 10 hours to make. I use After Effects, Premiere Pro, CapCut, and Topaz to create a unique style with engaging captions, multiple effects, and added commentary to give better context.

All clips and music are credited in the description, and some videos also include extra context when needed.

Disclaimer
I do not own the rights to any of the clips or music used. All rights belong to their original owners.
",@blazeofficiallyt,2025-02-27T14:00:00.368058Z,IN,https://yt3.ggpht.com/06WCeRcxWgk86pIa5SzH3ZT7RuQFmT5i400AYW0ro9Ll9l0HSAQRM8dofKP2wuk7ZhaPoA5mYQ=s88-c-k-c0x00ffffff-no-rj,248127104,100000,49,False
UC6OsRuDAgIt8F30XLH6M11g,Athletes Club,"Welcome to Athletes Club (Athlete's Club)!
Subscribe to get your #1 source of NBA content!
We introduce amazing NBA stories that you didn't know of, in-depth basketball play analysis, and other sports stories from all around the world!

Business Inquiries and removal requests: rkdalswo1210@gmail.com




",@athletesclub1,2024-06-25T14:30:35.50897Z,US,https://yt3.ggpht.com/hdu_rXmXSjK4lC5stLM7aPaj-9mZbV1RR9ixIJv88e1WvRYDO4HttTDTzj5Dow9cNCvWYgtf=s88-c-k-c0x00ffffff-no-rj,858162570,187000,687,False
UC9Y7E183CPOQw-98IFNITIA,Team Reyna,,@teamreyna454,2016-12-06T23:40:04Z,,https://yt3.ggpht.com/ytc/AIdro_kz0tqpWyq0zQYOpYYi_4VFfV6mR2ZnI9uni0ZwAQJ3dOg=s88-c-k-c0x00ffffff-no-rj,26057642,12500,860,False
UCWJ2lWNubArHWmf3FIHbfcQ,NBA,"The NBA is the premier professional basketball league in the United States and Canada. The league is truly global, with games and programming in 215 countries and territories in 47 languages. The NBA consists of 30 teams. The NBA offers real time access to live regular season NBA games with a subscription to NBA LEAGUE PASS, available globally for TV, broadband, and mobile.  Real-time Stats, Scores, Highlights and more are available to fans on web and mobile with the NBA App. 

For news, stories, highlights and more, go to our official website at https://app.link.nba.com/e/NBA_site
",@nba,2005-11-21T01:20:33Z,US,https://yt3.ggpht.com/h6d3o-JtmkNvjgW8yWFe2Nu-fEjZH0vJzcRq9enXsq9JHBHlGPbS3-ycstebKvDMXGTzzzHM=s88-c-k-c0x00ffffff-no-rj,18116445970,24300000,78083,False
UC1nubW_LylhVtQN6gSfrRug,Hoops Empire ,"Basketball gameplay...🏀
Highlights moments.
",@hoopsempire_official,2026-04-24T12:39:44.834353Z,NP,https://yt3.ggpht.com/CPdTtogpvqXBhWDxe9fpsSEKEWKc5ztZeD5c3S8dwm37Q6l34vYbgwdNuKm4bR7yRk6O19lR=s88-c-k-c0x00ffffff-no-rj,25243514,39900,17,False
UCz4vf16zgUMxpaDiPQ1XU2A,Brandon William,"My goal is to motivate people to become the best possible versions of themselves

Business Email: brandonwilliambiz@gmail.com",@brandonwilliamyt,2014-07-17T20:38:30Z,US,https://yt3.ggpht.com/ytc/AIdro_lOz-G0vdVS7LiOW4auZmhd6TDXPeVTgJJENsmTJESPUEE=s88-c-k-c0x00ffffff-no-rj,809341314,2520000,209,False
UC5VG6qrAkk9zPTIZpxtZPqw,Sengmin,,@sengmin-j9n,2026-01-08T07:54:45.35082Z,US,https://yt3.ggpht.com/n_Q9gX73RiCto3KmbTkGBpmgIFjy5PR5apPg3qdNu-8xVBbUyowXUUMA9B_5BZUeRm8g28Ux=s88-c-k-c0x00ffffff-no-rj,1532554,25800,23,False
UCOoePrjf_aJ_-sWErSFYYnQ,Combat Night,"All pro shows available at http://Spectationsports.com

Combat Night is the premier MMA promotion in in the South East region hosting 20 events a year all over the state of Florida including Orlando, Jacksonville, Tallahassee and South Florida and provides hundreds of athletes with opportunities to start a career as an amateur and rise all the way to the top promotions in the world. ",@combatnight,2012-06-30T21:00:14Z,US,https://yt3.ggpht.com/VsaFzFh1Pg_6_0I_UH_RUzwSZK7UjDpyOOJ3Mqe_qWCzkEd5DZBUbgneaZhXq6wtcV_oIXUxFg=s88-c-k-c0x00ffffff-no-rj,356968098,272000,4101,False
UCl9E4Zxa8CVr2LBLD0_TaNg,Jomboy Media,"Breakdowns, podcasts and more",@jomboymedia,2006-12-28T20:29:28Z,US,https://yt3.ggpht.com/d2JSr-1Ukp9fAjGCU8Z34dYXAKx-tANlplfesQwNK1YdHJzFgnPTBwpund2pbF1sLWHEKDE7wA=s88-c-k-c0x00ffffff-no-rj,1812712222,2260000,4024,False
UC3xKDcL6cDmjVGJFKfi8T3w,We Got Ice,"Making the most serious weekly baseball content you could even begin to imagine.

",@wegotice,2021-01-04T19:27:00.366641Z,US,https://yt3.ggpht.com/F-Nz_whEibRxEJXlHZI0h2qlDaoyxoa9CG-adAofVsdNgNlnYAyEgZzbC6_Ew5P5yXTC69EC5Ek=s88-c-k-c0x00ffffff-no-rj,709833544,516000,754,False
UCb7KDyhF8NfyoYagrtb-TDg,Dabble Video Magazine,"media outlet for everything skateboarding and the surrounding culture. 


Welcome to the iDabble VM youtube channel! We are a skateboard video magazine birthed in 2019 that releases 4 full length issues per year. Our host, none other than legendary, hilarious Mark Appleyard introduces and closes each issue. 

On this channel you will find hours of bonus content from all of the skaters, filmers, photographers, and companies that we have covered in the full length issues thus far. We have an endless amount of content coming your way, this is just the beginning. If you like what we are doing, please subscribe to our channel and turn on the notifications. 

Instagram: @dabblevideomag ",@dabblevideomag,2019-01-18T17:35:48Z,US,https://yt3.ggpht.com/7XGAXZO5jY4fYZgeaB9s3k6bXasb8g2KdIDoPfjUYwCkgO16VbQYJnTocecm7tPWrAZNpSCOhA=s88-c-k-c0x00ffffff-no-rj,120724599,57400,1173,False
UCE3ILT6VYu8qj20O5hHTf7Q,Privilege RnB,"PROMOTE YOUR MUSIC ON PRIVILEGE RNB⚡: DM on IG @privilegernb
",@privilegernb,2011-10-26T12:49:32Z,ES,https://yt3.ggpht.com/ytc/AIdro_kSkoPbGjhw2VIWu2uJQEwSq4N5zNiTtMObBuQJ6zYeEX0=s88-c-k-c0x00ffffff-no-rj,958823390,1070000,4586,False
UCb52pM-lOcYhQ4GaKBUAWiA,thebrownsetter,just a brown kid who loves volleyball,@thebrownsetter,2024-11-14T06:08:47.161325Z,CA,https://yt3.ggpht.com/2_cOzLkyrA4UESLLZxgMDQ0eauCWrhaZ9gWAKR1A5GeC0be8yOf0aLOKSKobNbtKLc5EfooY=s88-c-k-c0x00ffffff-no-rj,20717846,16500,122,False
UCIuX1eVHXhhltyARtScdfmA,Skelly,"Football Content At Its Best

",@livingskelly,2021-06-07T11:40:05.511061Z,PK,https://yt3.ggpht.com/40lJ_Pb24clPqGoEhdlAItAZ2AWHMpD-Pqc7xKiGWu2mxXGHNX4nWFRr0k9wBgEh9jF_ub1p77w=s88-c-k-c0x00ffffff-no-rj,930391590,827000,654,False
UCM4UeP3Bg1cXkpexavNOLGw,Sport Lab HQ,"The Greatest Sports Moments of All Time ⚽️ 🏆

✅I create high-effort edits of the most iconic, funny, and unforgettable sports moments.
✅Every video is carefully transformed to add significant value beyond the original moment, and created under fair use guidelines.

What makes my videos stand out:
🎨 Footage is heavily reworked and creatively enhanced.
⚡ High-effort, unique edits with custom visual effects.
🎬 Attention to pacing, transitions, and clip composition to maximize entertainment.
🔥 Each video transforms the original content into something fresh and engaging.

I use these programs to transform footage into the fresh, polished edits you see on my page:
Adobe Premiere
Adobe After Effects
CapCut
Topaz AI

Contact me for any inquiries or concerns: sportlab@fixated.co

Copyright Disclaimer:
-Fair use under Section 107 for criticism, commentary, and education.

25a9ed
",@sportlabx,2026-03-29T14:10:02.39285Z,,https://yt3.ggpht.com/5TdSaEXEJtnvBzuzseNUWop6SDazM-N-UHlN29YRm_ULbLwx97l7pBRG2RLHFUip3-59jQqZBA=s88-c-k-c0x00ffffff-no-rj,79182193,39600,82,False
UCvROeM7wiOQ1GmUBW8hYzZQ,Jared Berlin,Just a guy who loves playing sports in his free time! 🥎⚾️🏈🏀⚽️🎾⛳️🏓,@jaredlovessports,2025-04-11T01:35:34.729725Z,,https://yt3.ggpht.com/GdNm_CnP7THVPfRgTPBvXibMJUPL1-hnHPE7aaMIuau_eeJqF_rqVeLmMc7bRYB2bfES7sFYaA=s88-c-k-c0x00ffffff-no-rj,476421879,176000,473,False
UC_BS8z_gU7A8YJ_1xnqPRFw,Beyond the Box Score,"We provide our viewers with some amazing basketball content with engaging transitions and captivating edits and audios to make viral basketball moments even more memorable and engaging!🔥🏀

We credit all the original creators in each post and if you wish for your content to be removed feel free to message us and we will be sure to do that. We always reply to comments, so viewers asking to see more of that creator are provided with their usernames and allow the original creators the potential for more growth. 💓

We believe all of our content is transformative, with unique narrations, crafty transitions and engaging edits and sound effects to make memorable content even more engaging, which is why all of our content falls under fair use policy.✅

Leave a comment as we always reply to our viewers, cheers!
",@thebeyondboxscore,2025-04-06T23:00:39.595303Z,CA,https://yt3.ggpht.com/jOD8zGD3rcZC4RMEPGDvC1eiCP-XtRaMy9X1dfM80vz06HYa5zjoBgVfUMdJkH6XBih_759i2g=s88-c-k-c0x00ffffff-no-rj,49586576,12800,298,False
UCMdsYOaE-TN9bIf1_f_5Ecg,Lord Hec,"Email: Officiallordhec@gmail.com
Instagram: @LordHec_ 
Tik Tok: @LordHec 
#lhsquad 
",@lordhec_,2013-11-25T02:41:14Z,US,https://yt3.ggpht.com/n9U9rLXpmdSKZMmty8Hb7Zb_iclZ6q3HXdZc7nW0rTTFbdm3Uo4DSHM_DHz5vBv-mVRL2ECxbA=s88-c-k-c0x00ffffff-no-rj,850459274,1070000,2082,False
UCiMg6RqrpxydecVeQNHihxg,Nox Jackson,"professional yapper.
",@noxjackson,2014-11-21T14:43:35Z,US,https://yt3.ggpht.com/fJXxtVa-SzybNvBGQesgKM-awCOqlAmgOQw-bsRrjWRjjM8cJX67mYQdrmHYedcnvpsQhhGquw=s88-c-k-c0x00ffffff-no-rj,7598912674,7650000,2839,False
UCkozs45IVkP0lBHuPoy__mw,Only One F1,"Ideal place if you are fan of Formula 1, the best sport in the world!
Daily F1 Viral Clips (Sim Racing, Reactions, F1 Stories)

This account is not affiliated with anyone who appears in the videos!

This channel is protected under the following law:

(Copyright Disclaimer Under Section 107 of the Copyright Act 1976, allowance is made for ""fair use"" for purposes such as parody, criticism, comment, news reporting, teaching, scholarship, and research. Fair use is a use permitted by copyright statute that might otherwise be infringing. Non-profit, educational or personal use tips the balance in favor of fair use)
",@only-one-f1,2025-03-14T01:04:00.838598Z,,https://yt3.ggpht.com/eDJNeoWq6aQLIFgACk-0n89RUKsZBYUYRbrZC3hvYRi1Yo1PYBY7_ec-hP2WhaCFfN1VvrJ8dA=s88-c-k-c0x00ffffff-no-rj,96103712,40300,247,False
UC2Ic6MLYWqEH9Sn6_fYp9Ug,AirTime23,,@michaelron-w2g,2025-07-21T15:20:02.409457Z,,https://yt3.ggpht.com/XuPBKmiXY-ciX9Ye2kWP0Le9OU8OV85X6hrX0F14z2HTJF1t--Um_zTim6C4740u2RQLTCpm8po=s88-c-k-c0x00ffffff-no-rj,103645165,42500,306,False
UC9-OpMMVoNP5o10_Iyq7Ndw,Bleacher Report,"The official YouTube page of Bleacher Report. Subscribe to see sports highlights, news, features, analysis and animations that drive fandom and bring the culture of sports to life.",@bleacherreport,2007-09-14T18:23:54Z,US,https://yt3.ggpht.com/W69_zlpfbzJG5Ai0bMMGdb-4roFiOFuEsi5x_GfqghUWnt8jRB-id1aLqiRFTfcT51TyI5WJfw=s88-c-k-c0x00ffffff-no-rj,3165334381,4940000,7936,False
UCSM4MDur_vTsOJVjn_vD5Sg,For The Girlies,"Welcome to For The Girlies! 🫵👩💖
This is your go-to space for all things fun, feminine, and feel-good! I love reacting to the funniest and craziest clips found online, adding my own twist with commentary and humor to make them even more entertaining. 😇
Every video is carefully picked and transformed with effort—whether through insight, creativity, or just a fresh perspective—so you get more than just a rewatch! 

‼️ Just so you know, i don’t do any copy-paste stuff here. Every reaction has my own spin to keep things fun and unique! ",@forthegirliesyt,2021-12-04T05:56:28.615018Z,US,https://yt3.ggpht.com/fit1SWdStp7dsvU6gDe47cg3-5Y-BaZ8kqz2uG8NnNQFEHFoRLfxHsmumCRKbv7ab1kZj-rNcw=s88-c-k-c0x00ffffff-no-rj,1595040143,244000,934,False
UCDAU4iOmRgJHkm3qwapnh9Q,The College Sports Company,"Welcome to The College Sports Company!

We're an athlete-driven College Sports, Media, and Production company building brands & original content that brings fans closer to the schools, teams, sports, and athletes they love the most.
",@collegesportsco,2021-11-23T18:52:42.398323Z,US,https://yt3.ggpht.com/1NnQIEHX4JrFtRGzYFL2xukibCaxvkBgzRsr512sZ9LqaGAx3L4f8qKxlm26IizsR0Lwce6o=s88-c-k-c0x00ffffff-no-rj,46661725,20400,2692,False
UCRhIfy9x1NZCF7K9p7zqp0Q,Highlight Queens,"Highlight Queens is your go-to spot for the most savage WNBA takes, fiery game reactions, and the biggest highlights you can’t miss. From clutch plays to wild fan debates, we break it all down with energy, emotion, and zero filter. Queens of the court, queens of the commentary — this is where the WNBA lives loud.
Social Accounts;
X (twitter): https://x.com/AdamJ7868
",@hi-queens-e6t,2024-04-02T19:47:07.257782Z,US,https://yt3.ggpht.com/WFshe_7YcHVDzRxPAAYtJ-DbRoggdk7qwo3G94l1Pb6Wea0v185uyJC4vKIIElyEzzovnU6j3Eg=s88-c-k-c0x00ffffff-no-rj,56297168,16000,2556,False
UCe5-U5HpzsMVg_qnWmD1fcg,Yung Ngt,"ig @yungngt
noah.gt43@gmail.com
https://yungngt.com/",@yungngt,2015-09-13T02:30:46Z,US,https://yt3.ggpht.com/-yovECXlOX_58iO6zsf8H9xHhmSHj5JGhmNrkyl8eUmNt21FrDGI6D9eAT1KW5lQm9J2mQo6pA=s88-c-k-c0x00ffffff-no-rj,48028397,22400,469,False
UC62gxKJCYfrpeO-mCiaDjhw,InstantRanked,"On InstantRanked you’ll find highly edited clips that will surely make you laugh. Some of the footage is not easily obtained and can't be found anywhere else on YouTube. Each video is uniquely edited with added effects, memes, sound cues, music, and captions to make every moment as entertaining as possible. I carefully handpick the highest quality clips available online, making sure there’s never dull audio or wasted time. Every clip is altered in a special way to fit my style, and i put in hours of work to bring the best ranking content to my viewers.
",@instant_ranked,2016-02-29T15:56:12Z,DE,https://yt3.ggpht.com/6UUNxmPfnIlCxhCJwEj5MoexJILDPlRimapeLUcAlcfW-0e1IjnJN2oaXCUXaWpDCRXYDmPP7U8=s88-c-k-c0x00ffffff-no-rj,329005943,187000,146,False
UCSQFoaVy5qyeHRIRqP6j7_Q,Ed Moments,"Welcome to ED MOMENTS! 🎬
I spend my days hunting for the best viral moments and turning them into unique, handpicked rankings. I don’t just repost; I carefully edit, add effects, and curate each clip to ensure you're watching something truly worth your time. If you love high-quality, addictive curated content, hit that subscribe button!

⚠️ COPYRIGHT & CONTACT:
I highly respect original creators and intellectual property. If you own any of the clips featured in my videos and wish to have them removed, please contact me before taking any action. I am committed to responding and removing requested content within 24 hours.

📧 Contact: edmomentsch@gmail.com
",@edmoments-i4b,2022-01-04T15:32:50.022871Z,BR,https://yt3.ggpht.com/oxtvVrHWYT2SWj3BM4cFBHMnVFqQh3Ae99w7_zzJ9Lfmt-WjV5I2EMkOXTUi1Rm6gkTQFdIf=s88-c-k-c0x00ffffff-no-rj,63586773,920000,122,False
UCSoHFTtzySZicjAyw0Mr2_g,Dern Brothers,"Email us at: Dernskateboarding@gmail.com
This channel features Destin, Dalton, and Kanaan Dern as well as many of their friends. New videos come out every week. Whether the Dern Brothers are skating a mega ramp they built off their second story house roof, skating the worlds smallest ledge, testing out new ways to skate using tail devils, grinding rails made of cardboard, or giving history lessons on famous skate spots, you will be entertained by their creative skate videos.",@dernbrothers,2020-06-07T23:46:47.596584Z,,https://yt3.ggpht.com/TUumSI-yGcPdmhU9bpkiCRkU5c2uwvRZmg9gBaFAATHvfed9ToI6Zb9U8sr0Wl2d25n3eRf4Pg=s88-c-k-c0x00ffffff-no-rj,177978411,314000,634,False
UC1Pwkk4FmlLG0Z1Ns7H4hSg,Goofy Recaps,"iShowSpeed Edits ⚡⚡

🎬 Fan-made edits with heavy creative rework
🛠️ Edited in Premiere Pro & After Effects

Each video is carefully edited to add new structure, pacing, captions, reactions, and visual effects that create a completely new viewing experience beyond the original clips.

What makes this channel unique:
🔹 Clips are significantly reworked and restructured
🔹 Added on-screen captions, timing changes, and visual effects
🔹 Original presentation and creative flow in every upload
🔹 Commentary-driven, transformative fan edits

All content is created under fair use, with clear creative additions that add value beyond the source material.

📜 Copyright Disclaimer:
Fair use under Section 107 for purposes of commentary, criticism, and entertainment.
",@goofyrecaps,2024-05-13T11:26:44.133235Z,US,https://yt3.ggpht.com/xFkMwjERelGputZzZ37k-VSbf0-YavyHN8mYhGdX9PLYKK1ck8iNy2udklouccyAf6da4yDxKg=s88-c-k-c0x00ffffff-no-rj,5452049049,3340000,803,False
UCO1TbfdB-f3DdBg6s-3MySA,Tarzy Baseball,I make baseball edits 😀,@tarzy.baseball,2025-01-27T22:04:08.708985Z,,https://yt3.ggpht.com/-6ErAOh4sEX42Om0iHRuyN4axZ5s-bu04K-io3kNP0VT_QnFVHfwFGnAsRD6amXF_bKihGUf=s88-c-k-c0x00ffffff-no-rj,63994835,19700,49,False
UChEcUE06ZD2U9rIgKE5UB2Q,FlowsReact,"Discover the best music 🔥

Business inquiries: flowsreact@gmail.com",@flowsreact,2024-05-16T17:47:28.588261Z,NL,https://yt3.ggpht.com/dfkhQqmSYonrg7dLWuxyLPEGbWpkwNmYlDzWLgoJx11Qi6qdHvYmkO-QW17JVkyZ8kXGIrJbjw=s88-c-k-c0x00ffffff-no-rj,90607237,50400,400,False
UCIkwaxgMbTk7zEjrWoLQZJA,Dexton,I show unique things!,@itsdexton,2023-05-14T03:30:12.270086Z,,https://yt3.ggpht.com/VMvwHGDxTWzDmjKxbGPKQUwSt6zxwAMFtkI2I01_1nkPQYQU6T0hSsOVRActcjseok_UDu-JXA=s88-c-k-c0x00ffffff-no-rj,289104322,242000,63,False
UCd8S76IetNR1wP7e3N1Jw5Q,Steven Strangles People,"Reacting to the Internet... SUBSCRIBE!

Steven Williams is a competitive athlete, entrepreneur, and artist. A student of Martial Arts since the age of 12, where he began training in Shotokan Karate and Combative Jiu-Jitsu. He became a black belt in Brazilian Jiu-Jitsu (BJJ) under the great John Danaher from Renzo Gracie NYC academy (youngest person to receive his black belt under Renzo/Danaher ). He holds an undefeated record in BJJ at the Black Belt level. Steven has produced champions in MMA/BJJ across multiple organizations. His passion for Martial Arts, teaching, and content creation are what motivate him.
",@stevenstranglespeople,2018-07-30T21:25:02Z,US,https://yt3.ggpht.com/vQczbgN3igHaScHPxxip-0AszyoLhTcH7f9emyv0bRPCEVZrAqRJhGSk3oGg86_3RTU115-m_Po=s88-c-k-c0x00ffffff-no-rj,3202935431,1830000,2065,False
UCEISI_2c0a0n32YXx94P7gg,Uncltrd Live,A Webcam and a dream,@uncltrdlive,2022-05-25T01:03:32.687029Z,,https://yt3.ggpht.com/cQXAQ0cTQoDjT_FFqHRvQ_Z1tEnPsjZAEz4mj9KgUMQvZUhWVqZL7hFtcePt2i7yuIHJiI1TGA=s88-c-k-c0x00ffffff-no-rj,118148618,283000,136,False
UCy2vByAZhHucf8wV1Lr8hKw,BoltMotivation,"Bringing Stories To Life Through Editing.

This isn't just motivation. These are stories that hit different. Stories that make you feel something.

Billions of Views. One Unique Style.

If that sounds awesome, consider subscribing. 

Business & Sponsor Inquiries: 
boltmotivationofficial@gmail.com

Instagram: bolt.motivation



",@boltmotivationyt,2023-06-03T12:46:26.690448Z,CA,https://yt3.ggpht.com/DNhLAAIU-OecjQmlbaHc4B0D3mZUmBB8H_bZBSvUgRRq3IwTVSqDLetShCTmDd4ME38aY63wYg=s88-c-k-c0x00ffffff-no-rj,4574248059,2860000,674,False
UC7dyZ6jsxJ2PyaCUPuQmS-Q,AP | MLB ⚾️,Daily MLB Lists and Edits 🔥⚾️,@ap_mlb,2024-01-30T19:07:10.362722Z,,https://yt3.ggpht.com/GfSK_KK_Ptq1V3vpwqjhV1u0ML7El4puITmbLgTzhoLj_euOOcfhVGtoWNrag68NsjONR3ViaQ=s88-c-k-c0x00ffffff-no-rj,999780191,363000,551,False
UCQliobRAqnJWuFnlY9Ua0Yg,OkCron,Crazy Dreams are Worth Chasing 🛸,@okcron,2013-09-22T17:13:30Z,US,https://yt3.ggpht.com/8LG-eTKLBmvuxZtvxnhFOOx7U9F9IuZNnXfrV4aC7q9nXFerDCqm6nwZ2lDBIP7hCKRMIOacnFs=s88-c-k-c0x00ffffff-no-rj,2874007445,1930000,3834,False
UCrnblagL_dgA7EmTmx9yrGA,Amply Awesome,"I make videos and talk about anything AWESOME with a focus on Sports, People, and interesting Stories!

For clip submissions, video removal requests, or other inquiries please contact → amplyawesome@gmail.com",@amplyawesome,2023-12-24T14:01:38.289961Z,CA,https://yt3.ggpht.com/C02izN0gA8KaJNFiqcHyt7WLzf9M8R7UAw7i9dH3eDWJJ1s3B9gtySYh3xx-JaCoYIWTfl549yM=s88-c-k-c0x00ffffff-no-rj,1568416891,1350000,430,False
UCdSF7GnWCazpI5hK2qElmAQ,BB,"Welcome to BB, your home for the funniest, wildest, and most entertaining basketball moments on YouTube. From hilarious reactions to trending NBA clips, highlights, and creative hoops content, BB brings the game to life with energy, humor, and non-stop excitement.

Whether you’re here for the laughs, the crazy plays, or daily basketball shorts, BB delivers fresh content that keeps the basketball community entertained every day.

Subscribe and join the BB squad — where basketball meets entertainment.
",@basketball-bb1,2025-01-28T10:56:02.282861Z,PK,https://yt3.ggpht.com/devJ2E6pgpHSD3s_wYN8PSljawQYUTtHU0B8D_gDFNKnMnmx4CFQD-B3EvpZE2g10sMFjtpKrw=s88-c-k-c0x00ffffff-no-rj,213165300,73300,754,False
UCaELs8oQy816xO_7vQiNoqA,Hublot Baggins,"Wholesome and Funny videos right here ❤

🚨 Copyright Disclaimer:
I want to ensure a respectful and lawful experience for everyone. If you encounter any copyright concerns or wish to request content removal, please contact me at michaelrayyan91@gmail.com. 

I am committed to promptly address and resolve any issues.

📜 Copyright Notice:
All footage used in my videos is intended to convey a message to the audience. As per Section 107 of the Copyright Act 1976, allowances are made for ""fair use"" for purposes such as criticism, comment, news reporting, teaching, scholarship, education, and research. Your support and understanding are greatly appreciated as we navigate the vast world of storytelling together! 🌟🤝
",@hublotbaggins,2020-04-17T01:51:47.27001Z,US,https://yt3.ggpht.com/XhdwDl8_QJxfvI97l9oHZjSgwsP6qfPvekI-nWlnyP2H8lCT9ZwkrR7SK_vaYSzKiK5p_pjt=s88-c-k-c0x00ffffff-no-rj,6731941097,6240000,398,False
UClcim6OsyDvLESxxLlRW4aA,Bucket Science,"Dissect the Game.

Business inquiries: contact@bucketscience.co


",@bucketscience,2015-10-21T06:53:05Z,CA,https://yt3.ggpht.com/jKhXbviTpWVQEPVCaQtL7ZCcR6ie0KDOx4I_AAaGpl7an0NbpFxgv_WdYgRMgcOfuBZF9T54=s88-c-k-c0x00ffffff-no-rj,40104903,31000,50,False
UC7I0dRt1uTfyq6NCqzUeAgw,Giggleicious AI,"This channel shows the funniest ranking clips and best videos for your entertainment!!!

God is #1

100✅
300✅
500✅
1000✅
1500✅
2000✅
5000✅
10,000✅
15,000✅
25,000✅
30,036🎯35,000🏆",@giggleicious_ai,2025-10-16T02:28:11.404721Z,CA,https://yt3.ggpht.com/s77LffdWOfYpSSaaDJdiN56k8EsYLubsGCiutBJ6RF1CcJaHkXicOfwmrSgdSInlmzgvWf1OmRU=s88-c-k-c0x00ffffff-no-rj,93617789,33200,101,False
UCiWLfSweyRNmLpgEHekhoAg,ESPN,Serving Sports Fans. Anytime. Anywhere.,@espn,2005-10-31T23:34:22Z,US,https://yt3.ggpht.com/ytc/AIdro_mjPkMeFcQxySKuGOn-eSPaOaTK55KKtjF7LTkkwidfCP1D=s88-c-k-c0x00ffffff-no-rj,20178968641,14400000,109646,False
UCajd8wBB3ayNaVgqkQhs0sg,MSSP Hub,"Welcome to MSSP Hub, a fan channel for Matt McCusker, Shane Gillis, and their talented circle! Here, you’ll find carefully curated highlights, hilarious moments, and standout edits featuring Matt, Shane, and friends. All content is shared with the utmost respect for the original creators.

I always provide proper credit to the original sources, including Matt and Shane’s Secret Podcast (MSSP) or other appearances, with episode numbers and direct links whenever possible. This channel was made by a fan, for fans. Thank you for watching, laughing, and supporting these comedy legends!

Blessed Be The Dawgs",@mssphub,2024-07-21T00:39:00.72227Z,,https://yt3.ggpht.com/yC8VL2P0qQ_9fgx-UaROT7go8mLVJR4GIGZWMFDwXXSzD4YoGIyInw4YoPJUvwmbTLRZH5yHpw=s88-c-k-c0x00ffffff-no-rj,420381917,91600,1463,False
UCT8em_4jMv_X5gph11BLR6w,Jesser Shorts,Hey! It's Jesser! You can find all my shorts on this channel!,@jessershorts2,2020-05-31T00:32:15.325534Z,US,https://yt3.ggpht.com/fwLoVbGBGGHK9vKEcT-kJGRytPVu6A3VcYNAzCp2j5aaVViYSUypnA9IDldOdIM1NzKSUmc6=s88-c-k-c0x00ffffff-no-rj,109339088,270000,424,False
UCeDl9hEIvmrarIEGKbi0lXg,Theonlyclipz ⚡️,"Theonly Clipz ✅
Fastest Theo Von Clips ⚡️
NOT Impersonating 🚫
*Fan Page* ",@theonlyclipzz,2026-01-10T17:39:26.671976Z,,https://yt3.ggpht.com/U839gowT2KAT6-dyXvWPxmiZOsd_wo8CDJZZJJtlsqpZqZ0iaJYjKM_mIpSCpCLIaRcab1Sd=s88-c-k-c0x00ffffff-no-rj,125073183,28400,266,False
UCRALQzKb27aa70Xq1XamxSQ,Global Hoops,"Global Hoops is all about funny basketball content

I edit every video myself to add original jokes, timing, captions, and personality 🎬

Nothing is just reposted — every clip is transformed to make people laugh and enjoy the game 💯

My goal is to bring all the funniest basketball moments into one place and create a community that enjoys hoops and humor 🏀😂
",@globalhoopss,2019-02-17T03:38:17Z,,https://yt3.ggpht.com/fFLjUcNWSMX9sStt1GPnSA-H0qj1FLinW4HhuBgYCUhcoK4_2bA9C2jlr_tsCoViFoUkQiBFBBM=s88-c-k-c0x00ffffff-no-rj,655728957,118000,538,False
UCSYrTQxtlx9Y6htj6YtuEKA,thekickclub,"Telling basketball stories visually
",@thekickclub,2023-08-30T18:09:08.966967Z,GB,https://yt3.ggpht.com/QuO9TaRYfBJJiWvVSxqKgE_SgUp-vJvzcOe5skUkBOyJcG3ou41E2uYxUWRmzQzh405TSIqJtQ=s88-c-k-c0x00ffffff-no-rj,728143997,217000,1052,False
UCV3EOwREd2PaqnISpumoTwg,ClutchPoints,"Hi ClutchFam! 
Welcome to the official ClutchPoints YouTube channel. 📺
SUBSCRIBE to get the latest content that's created for fans by fans. 🤝

We create interactive sports content built for fans - debates, games, and scenarios across the NBA, NFL, and more.

Unlock Your Sports World 🌎

💼 Business Inquiry: sales@clutchpoints.com
",@clutchpoints,2016-06-21T03:00:36Z,US,https://yt3.ggpht.com/uMJQp6AGEXObwUw2j4Yp_RHKJD8X02aAKPZsFsJpxQpfakwtQWETexu0YhoeOZeMQdishA6ARw=s88-c-k-c0x00ffffff-no-rj,987915025,682000,10403,False
UCC3Flrbmzeq8jJaN18_9XNw,Adam Arroyo,"SUBSCRIBE FOR BASEBALL! ⚾️

24 Years Old | Baseball Player (Catcher)
Currently on tour with Cosmic Baseball 🥎
From Orange County, California 🍊 

I like to make videos and play ball:
Here I upload random vlogs and baseball content
- Make sure to turn on notifications! 🔔 

CEO of CatcherDrills
- CatcherDrills.com 🔐 

Baseball Training Programs: 
- Mobility Gainz (Baseball Mobility Program)
- Strength Program (Lifting & Exercises)
- Catcher Program (Catcher Drills & More)
- Hitting Program (Hitting Routines & Drills)
- Throwing Program (Arm Care & Velocity)",@adamarroyoo,2014-01-04T14:53:15Z,US,https://yt3.ggpht.com/xO8GLECsZVGREAoIkdP3zv7eMbfDJ12DkE2bTZYjQiHRRNi0UBbbj3wwSxLdT06bdxBwGRyicHA=s88-c-k-c0x00ffffff-no-rj,2721558736,1080000,5962,False
UCPicxFLsb4NBdCbGr01v9rA,Hunter and Kevahn,"We’re two guys that have a passion for baseball and comedy and put our thoughts and actions into videos!
Make sure you Subscribe and turn on Push Notifications!
New videos coming soon!",@hunterandkevahn,2012-09-02T23:51:23Z,,https://yt3.ggpht.com/5pwlz7A9-MzVDM6RJ5PtsASQIyLi-v1qnfKeVOcvkisF-7yttjoCTRRWpketon-GcyBOACzT98Q=s88-c-k-c0x00ffffff-no-rj,165103344,203000,374,False
UC3ou2_G8GIrTEnXf81yN4dQ,instructor_bensei,"Hi, I'm Bensei, I bonk things with a rock.
Welcome to the #Benseiarmy

What is a ""brand risk""? Anyway, consider joining the Patreon 👀
-Discord
-Classes
-Early vids
-Vibes
https://www.patreon.com/benseiarmy",@instructor_bensei,2020-05-24T23:10:51.647611Z,US,https://yt3.ggpht.com/9rhww67B9gsClceZmWCkZYy_69yg6uOBlyt6P827TGPE-XZuouHTaFpqc6zXtdnHhPi3jJed-w=s88-c-k-c0x00ffffff-no-rj,353047452,504000,996,False
UCAiIa_eZPDJ26Sj6AbUKcNw,FitVision,"I make the most entertaining stories from the world of sports and fitness—from funny, random moments to shocking twists and viral highlights. Fit Vision delivers the unforgettable side of sports you won’t want to miss.

For business or copyright inquiries contact : visioncontentgroup@gmail.com

#Fitness #Gym #Sports #Motivation #FitVision
",@fitvisionn,2025-04-16T16:02:08.720635Z,US,https://yt3.ggpht.com/_xosA1eyhgGBGS9K-5R4-L8AJwNRWxbh4TGV9Axnyxy-LV4dyMu5fSkFs2FsHh2J6Yaj9DVqxA=s88-c-k-c0x00ffffff-no-rj,848171048,211000,453,False
UCHFHEEcMGjYU9UsjhK0zF8A,Xycotic,"For sponsorship inquiries, use this email: xycoticyt@gmail.com",@xycotic,2020-05-17T22:10:11.423216Z,,https://yt3.ggpht.com/ytc/AIdro_nS9bvrR3Z8yx2uVgFgCdBExxEW5WTUVoQZrSH3OvYOiA=s88-c-k-c0x00ffffff-no-rj,259573651,115000,486,False
UCxi6GWXCeMNbOaBQ-wfklpw,Buzzy Bite Sports,"Use SeatGeek code BUZZYBITESPORTS for $20 off of your first purchase!
",@buzzybitesports,2024-07-23T23:00:39.111193Z,US,https://yt3.ggpht.com/EGvLL2Hfn4gCcsaLUu7N4XfN2Vu_8sz6axhYyEkjgkWnlJoebQGB5DxKrGRfrz7BGQ9KoPeI=s88-c-k-c0x00ffffff-no-rj,141237615,40100,257,False
UCrKgA95GBBesig8bBW1uXOg,MayGoesCrazy,"Subscribe💪🏻

Business Inquiries📥 
maygoescrazybusiness@gmail.com

Click Here To Join MAY GANG!
https://www.youtube.com/channel/UCrKgA95GBBesig8bBW1uXOg/join
 
🚨FOLLOW MY SOCIALS🚨

TikTok/Instagram/Snapchat/Facebook: MayGoesCrazy
",@maygoescrazyy,2016-08-05T21:13:11Z,,https://yt3.ggpht.com/bAj3rDHneW5cESsRmyPj5niAVEd24JY9HmYEvpWbof2v1pd2WmASfLHREdCM4VmPoms5btAOHg=s88-c-k-c0x00ffffff-no-rj,400121712,1160000,213,False
UCJCOQbTWO-31PnQ33X9Y3Rw,Prime Shorts222,"Subscribe for an ice cream...

Prime Shorts222 🎬⚡
A channel featuring viral YouTube Shorts and exciting challenges 
Insane YouTubers edits🚀

This channel is dedicated to creating short-form, high-energy edited content from popular creators like Ishowspeed, MrBeast and ...  ;Each video is carefully transformed through editing, pacing, and creative enhancements to deliver a unique and engaging viewing experience.

 Copyright Notice
All content featured on this channel belongs to their respective owners.No copyright infringement is intended.

⚖️ Fair Use Disclaimer (Section 107, Copyright Act 1976)
Allowance is made for ""fair use"" for purposes such as criticism, comment, news reporting, teaching, scholarship, research, and entertainment.All videos are transformed and edited to provide additional value and a new perspective for viewers.

🚀 Content Style
• Fast-paced edits
• Viral clips
• Creative transformations
• Entertainment and exciting -focused shorts
Contact: primeshorts222@gmail.com",@primeshorts222,2026-03-26T06:31:46.487651Z,AE,https://yt3.ggpht.com/x8HsuuU7kzYI0tYueQJTm-1oSBKkPAOPcsScHddFknv-LLX_xNxoM0HATWYKPnQt2QonBd0k=s88-c-k-c0x00ffffff-no-rj,32876142,26600,40,False
UCDy5XHbCuV9qyuf4hkwTFtw,Kobe Bryant Motivation & Stories,"Stories, motivational quotes, highlights honoring Kobe Bryant. The largest Mamba community online. 

Mamba Mentality is forever. ",@kobehighlight,2022-03-27T22:00:29.879025Z,US,https://yt3.ggpht.com/KdJ0eDrhXHFFXqUJcLz2ajqQdtXdUx1GhNcm_X54YDVgFNxv7GBuyiRMcUvnOJKWJHd7gLg=s88-c-k-c0x00ffffff-no-rj,247622181,159000,224,False
UCE7spuKzxP1k8A-XucxxUAQ,John Casterline,"i post videos sometimes
biz: johncasterline@night.co
",@h1t1,2020-11-06T18:43:34.596174Z,US,https://yt3.ggpht.com/odZEJEUnJ91b9GJvcn2aLzJt_6rIkozdXDADYBR9P6xJ9bKQ9IzZgDuFkI9VHI9UCdwZ9BZX=s88-c-k-c0x00ffffff-no-rj,10768378864,7990000,2362,False
UC_bpH3zWmOwOg_kAjemBfoA,Ian Hietala,"I make silly basketball videos lol
Jump higher INSTANTLY with my AI dunk app! ",@ianwhietala,2014-10-23T00:05:33Z,US,https://yt3.ggpht.com/sHiaGV692XMSSmyZl-xD7N5EtT6mUZrsFd-j8mXtwM9UP75TmH7CadagT-j3juEno-MzEhvG=s88-c-k-c0x00ffffff-no-rj,448351616,308000,1428,False
UCbaw0g87xCr9xnKcTn0-ZZA,UmpireCentral,"Umpire Central showcases real baseball through the lens of the umpire.

This is where you’ll find full-game footage, behind-the-plate clips, and mic’d-up calls that highlight the intensity, pressure, and decision-making of the game.

If you’re a player, coach, parent, or fan, this channel brings you into the action like never before.

Content includes:
• Full-game footage
• Mic’d up moments
• Behind-the-plate angles
• Real interactions and rulings

📩 Business: UmpireCentral7@gmail.com
📱 TikTok & Instagram: @umpirecentral",@umpirecentral,2024-06-21T15:32:26.752037Z,US,https://yt3.ggpht.com/4DjHw6KdwkUm0VHPvDzDBFhRnl025ePDY7PKPBaORxOGJT7W0YTLBqwk0GY6-M_brFSsCRYh=s88-c-k-c0x00ffffff-no-rj,329559011,176000,751,False
UCuA-X-1adAwyB89zYDYt9og,Fuzzy,"Daily MLB Highlights, News & Everything Baseball ⚾️",@fuzzyfromyt,2012-05-05T17:06:42Z,US,https://yt3.ggpht.com/ytc/AIdro_kxhtIaT-EmC6IZxZAbEPBTTqteJy5-smbjQyQkjSTr0nY=s88-c-k-c0x00ffffff-no-rj,1321588321,620000,6304,False
UCnxmDgIMltNeVPz3oKV66AQ,SportsBucketz,"Road to 60,000 SUBS!
I make my own edits and rank other peoples edits
If you want me to take down a video with your edit email me
email: yellowdoorhandles16@gmail.com
I hope you like the videos and also email me for video ideas or an edit you want me to use
I have all the edits used linked here: https://www.tiktok.com/@sbclps/collection/Edits-7503764300331322142
",@sportsbucketz12,2025-06-26T20:23:29.323961Z,US,https://yt3.ggpht.com/dZryS66WZykWiwUsN0KM7rZcP2I41uUyKaOf_qmc_BZPwjjOyQXQi7tE8I_J2wh97mzpoYobyw=s88-c-k-c0x00ffffff-no-rj,329605975,64300,269,False
UC_hRRTvm7rGqfIr0W-mc9zA,Matthew Beaver,"Sports and WHAT NOT, subscribe for a cookie

What’s up guys I’m matt beav i like making videos and apparently people like watching them!!!



Business✉️: matt@sanguinemgmt.biz",@matt_beav,2016-04-28T20:57:29Z,,https://yt3.ggpht.com/gE4ADz8QdPPeA-wDDudJm4h_Wre_GAU0uNj2hpDRFDGJTAEUon7XXFLQoYOwcvX4SScWR6lS9qs=s88-c-k-c0x00ffffff-no-rj,505492056,362000,947,False
UCBIFuA0WZ1DSjA3ojcHybjA, Shortstop,,@shortstoppedd,2023-10-31T01:42:00.183173Z,CA,https://yt3.ggpht.com/I_aPw9vOjnZpkNVtDX14t2d9c4PhwflYeIidbuMKz9FL9iN8KkGuiqSKtO6wNbZyp7oE3m-x=s88-c-k-c0x00ffffff-no-rj,113869448,23200,211,False
UC5xaxvumVc_mLuRQwUTlsSQ,BRIGHTR,"BRIGHTR creates transformative short form stories inspired by larger-than-sports moments.

Meeting YouTube's standards for originality and transformative use is something we take seriously. It's built into how we work at every stage, from the first line of the script to the final cut.

Each video is meticulously scripted and edited, combining original structure, narration, visual sequencing, custom transitions, color grading, and fresh context through our original commentaries.

We put a heavy emphasis on transforming raw footage into something entirely new, giving familiar moments a perspective, voice, and story they didn't have before.

Our team works across a specialized stack of five industry-standard tools, each chosen to serve a specific stage of the creative process. We deliver new meaning, insight, and emotional impact to every single one of our videos.
",@brightrsports,2025-12-13T14:28:39.593353Z,,https://yt3.ggpht.com/AEyx72kZZ1VjkETDCTAndiKSTT5I9I1CFe4NYtv7XHmTyfZ--CnCZ_VeVIUmPRi7q6e92PFL=s88-c-k-c0x00ffffff-no-rj,108097644,32100,139,False
UCWBWgCD4oAqT3hUeq40SCUw,Sambucha,"I enjoy making content :) 

Inquiries: sambuchalul@gmail.com
",@sambucha,2020-01-01T20:21:42.771877Z,,https://yt3.ggpht.com/xRjlxjSOh5b0W-G6Qh_YYWQwNA5iZPp8a1tMzOI9mZvD9y6OD3E9LGLzg955Pfu5--GgpltOjrY=s88-c-k-c0x00ffffff-no-rj,20423622007,11600000,4005,False
UCG13uYRoq8M8rNW9-iYGGgQ,Metamorphosis,"Sharing inspiring stories through video editing🔥
If you enjoy my content, leaving a like would be highly appreciated ❤️

All content on this channel is used in accordance with the Fair Use doctrine under Section 107 of the Copyright Act of 1976. It is intended for purposes such as commentary, criticism, news reporting, education, scholarship, or research. The original materials are transformed to add new perspective, educational value, or entertainment, while staying within the legal limits of Fair Use. If you believe any content violates your copyright, please contact me directly before taking further action. I am fully willing to resolve any concerns promptly.

Contact:

business@juicermedia.com
",@metamorphosisx9,2015-03-25T13:53:47Z,US,https://yt3.ggpht.com/lYN0ys3rRz5t6et7tKZ_dOtHe3D5lRQHNAvRGFIvHD_slUSTPXqMEJ3HcLqP5UorWmI86_W9YQ=s88-c-k-c0x00ffffff-no-rj,6426192,169000,30,False
UCY-2QRPXfHfcDDugOUr7A8Q,Nexxo Recaps,"Ishowspeed Edits 🔥

All clips are highly edited to transform the original clip into something meaningful and original.

📥 nexxorecaps@gmail.com

Make sure to subscribe!",@nexxorecaps,2026-01-10T01:35:50.152758Z,,https://yt3.ggpht.com/WuLiwk-dXU43Px6nYt9Z3wlLADohhLT7jsXwLKEq3ieeM2jZcXi_rp05b3ludU2vJWwM7lfAXg=s88-c-k-c0x00ffffff-no-rj,50955100,55900,12,False
UCPaVoMzmk3ZMO1yQYN5Ug2A,Valid Hoop,"Basketball Videos Daily

Corner Three Media LLC creates and publishes original, transformative content for entertainment and commentary purposes. We strive to properly credit the original creators whenever possible in the descriptions of our videos and do not intend to infringe on any copyrights. If you are a rights holder and would like to request credit or content removal, please contact us via email.
",@validhoop,2022-07-03T15:41:32.5653Z,US,https://yt3.ggpht.com/djRJpb_N5VA5u8UguXwSxk3oZuxTN9v0qyoE2lThG4qnnCw56GvdzEw4R0XXSjBgHfCQi1wGy7Y=s88-c-k-c0x00ffffff-no-rj,173191729,16600,2241,False
UCKFaMBPEhRgCE7EZisyRc-Q,David King,Storyteller,@davidkingstories,2015-05-21T12:18:20Z,AU,https://yt3.ggpht.com/KbFcJxg9PX4ZZgksvxRqUVjaZJFbxrZHDW6wPw3mqCZkd4qAvlv9vdd92Mdcl2ESmjDWanBQUA=s88-c-k-c0x00ffffff-no-rj,2435319619,2370000,585,False
UCd_EkHbEutirFl_XSrg95kA,GD's Highlights,"🏀 Your main source of quality NBA content
",@gdshighlights,2015-11-06T19:08:06Z,US,https://yt3.ggpht.com/0jz4dJ2KpgVQEZGiIvj1dPDACfaGUmxNJnfu513vh2PMHY3bfBVN0glYTADxP9VOiyuiDIMd=s88-c-k-c0x00ffffff-no-rj,10807913797,7810000,7596,False
UCf0JBmHA68JVbLzGDrco64Q,BellProductions,"Content creator | Editor | NFL edits every day ⚡

One new drop @ 7 PM ET everyday

Road to 100 subs, appreciate every single one of y’all ❤️

Tiktok - https://www.tiktok.com/@belleditss7


Disclaimer: The clips featured in my videos are not owned by me. They are used strictly for entertainment purposes. This channel is meant to showcase viral and trending content while building a fun and engaging community.

Copyright Notice: Under Section 107 of the 1976 Copyright Act, ""fair use"" allows limited use of copyrighted material for purposes such as commentary, criticism, news reporting, teaching, education and research. 
All videos on this channel include added commentary in the form of memes, captions, and edits that transform the original content to provide new meaning and entertainment value.
",@bellproductions0,2024-06-05T04:54:17.203536Z,US,https://yt3.ggpht.com/9ZAv66W9LE8levT3cjmlt4xwm0j-HMaCd_svhAbDOv5PiHOddpE2LHCZwKb0Kwv6-q615Ug0xrs=s88-c-k-c0x00ffffff-no-rj,193384941,41700,379,False
UC-H3YFLvBLrEsyMo4ayiJVQ,Shred Hub,"I’ll show you some homie love :
This channel is for skateboarding info and entertainment. Tricks are done by experienced skaters—always skate safely and within your limits.
We’re building the largest skateboarding community, connecting skaters worldwide through shared passion, culture, motivation, and insane clips.
All Shorts are fully transformed: we combine multiple clips, use small portions, add heavy editing, effects, zooms, color grading, captions, narration, sound effects, and original scripts. No raw uploads, only original, engaging, copyright-safe content.
We highlight the craziest tricks, insane fails, and top skate moments, keeping every Short fast, exciting, and motivating. Our team spends hours crafting each video to make it unique, fun, and shareable.
We take YouTube seriously as a real business, creating unique, compliant, high-quality videos that entertain and inspire.
Join the family 🛹🔥
Contact: escorpionoskeatboarding@gmail.com
",@shredhub-n8e,2025-11-17T22:11:01.061914Z,US,https://yt3.ggpht.com/8KDnZnzbiwCZA9ytuas4AejgpgYfJJDMMJis3g_ANjQu8H-dICfwjI9mEuYImFJQWqrXEuQU=s88-c-k-c0x00ffffff-no-rj,117184294,51500,102,False
UC2MqLYIN72NgKZO9JZx5cUg,FightVerse,"Welcome to FightVerse! Channel about Combat Sports.

Copyright Notice: In accordance with Section 107 of the Copyright Act of 1976, this material is used under the 'fair use' provision for activities such as criticism, commentary, news reporting, teaching, scholarship, and research.
If we have violated copyright, please write to us via email: grindsetofyt@gmail.com and we will delete your video! We do not claim ownership of the material from which they are made.
",@fightverse8,2023-06-15T12:21:44.228504Z,US,https://yt3.ggpht.com/mrJ7lAtQoKt263ge0rjKtzoymzqylHqzjTmoQDr8ILGAxQDkLrNkH9jom30RfgCoDUXAYbx9MQ=s88-c-k-c0x00ffffff-no-rj,613715489,417000,903,False
UCp97k_gFlQn9EZHenRNYOqw,Hall of Game,"Hall of Game transforms iconic sports moments into cinematic, story-driven content. We don't just repackage highlights, we create original narratives that provide fans with deeper context, emotional connection, and showcase the landscape of sports culture.

Each video is a fully reimagined story combining the most advanced editing techniques, customized 3D scenes, commentary, researched context, and footage curated from dozens of sources to reframe raw clips into engaging, transformative stories. On average, each video takes our strategy team 3-4 hours to story board and our editing team 6-8 hours to create. We are dedicated to producing content that meets YouTube' standards for originality and transformative use.
",@hallofgameofficial,2025-02-21T00:54:49.349374Z,,https://yt3.ggpht.com/JvOCjuSHMeVvjRkqXIyG2r8vGKN_0AcT5iPOZ5rPRKYYXF2Dmyzd1KDk_oaIU1rkz3GP1-9bWuE=s88-c-k-c0x00ffffff-no-rj,583743099,199000,325,False
UC98j5bw2jxwpGx9MlxmEwLw,StaryyNFL,"Sports Edits, Memes, And Reactions Created By Staryy",@staryynfl,2023-06-30T00:56:47.601893Z,,https://yt3.ggpht.com/O4SesGdV7oCgDBNOcgxlywzJXnb9IWobMmfR9cQckmhM2ExSy_rK0xmXwuMBa6t1KcWSsfRymUE=s88-c-k-c0x00ffffff-no-rj,57441871,62700,1240,False
UCr9yohIF9x1mAv7apTYtuyw,I Love Basketball ,"I Love Basketball brings the spirit of the game to life through cinematic storytelling and creative editing. We go beyond highlights exploring the passion, history, and culture that make basketball one of the most inspiring sports on Earth.

Each video combines advanced editing, immersive sound design, original commentary, and detailed research to create an authentic and emotional experience for true fans. From legendary rivalries to hidden stories, we rebuild every moment with care, purpose, and respect for the game’s legacy.

Our team is dedicated to producing content that meets YouTube’s standards for originality and transformative use ensuring every piece is crafted with creativity, depth, and love for basketball.
",@ilovebasketballco,2025-10-27T18:46:57.325803Z,,https://yt3.ggpht.com/zgC4H2e_TCnzd61ZmY95Oo2eWoBuO5iUd8a0Hnxap0YjqqguD4Jy47YjqHWs2JFBp1HlX33sVIg=s88-c-k-c0x00ffffff-no-rj,334162965,69600,203,False
UCPAuqGQhQhvONrVrESVYamg,soseriuzradio,"🎫 Weekly Amazon Gift Card Raffle 👇🏾
🗞️ Daily News, Music & Entertainment
🆘 SSZ Society — Full Story Breakdowns Every Morning
",@soseriuzradio,2020-09-30T15:02:39.746535Z,CA,https://yt3.ggpht.com/1mXxcdW9leRUsJkGDJiJJ7VpFqiUwvPKRH_DveLtK5118ArFm1FOAkTxlLp05e3iHXBKhImyTg=s88-c-k-c0x00ffffff-no-rj,720964742,148000,5771,False
UCrsahhhOKdbBcZEKQwca0lg,Makeshift Golf,The Official Golf Channel of @themakeshiftproject,@makeshiftgolf,2024-12-04T16:21:36.637525Z,,https://yt3.ggpht.com/DnorrIzOLrLIbByvGt-5NB8642n1DSUbIWOcI_p6MbZrekiau7Yr3SwTylKHmhYPzsAtrphnv80=s88-c-k-c0x00ffffff-no-rj,42893717,23800,432,False
UCtC7BJsZJFuRXX04vy3qSpg,The Athletes Plug,TAP in 📲 for your latest feel good sports news source with only POSITIVE player news on AND off the field.,@theathletesplug,2023-03-06T06:55:17.031667Z,US,https://yt3.ggpht.com/VG_tpqjV-94D2ZGvYXdr8ws3TMhlEpSTu1ReRmq7uK2bkCbRyJAe2I4aZEiIcdYC-ohivk8e=s88-c-k-c0x00ffffff-no-rj,244331097,103000,168,False
UCGr3EbaZpd2DFUyxBLv2PDQ,ATM_BUCKETZZZ ,Hey welcome to my channel. I’d like to inspire everyone that joins you can achieve anything you aspire. Don’t let none tell you otherwise. Let’s build a community of go getters! Attack the day💯😎 IG Atm_bucketzzz - TikTok - Atm_bucketzzz  EACH SUBSCRIBER MATTERS 🙏,@atmbucketzzz444,2026-01-25T18:41:30.975134Z,US,https://yt3.ggpht.com/_zTds7UjWT_gNXxIAADcAckTchgJgDpq2vgutwKO7HNSyu6E7BZUNU-IP2oKcRNHiSmC9BUPjXo=s88-c-k-c0x00ffffff-no-rj,10580261,14800,18,False
UCHgAPkVKccAwslvFV3ON2Yg,Mark Dobry,"I know ball

Email: markdobry0@gmail.com",@markdobry,2014-09-19T00:41:42Z,,https://yt3.ggpht.com/Xak0Ku7Jj-qkThu1_j8hddhdxCfG9M5OZpNDq8uMkM5xlDJk83qMZ42FBwIBwOpOLnLcxeLaEA=s88-c-k-c0x00ffffff-no-rj,99814388,11300,425,False
